{
  "type": "minecraft:command",
  "pools": [
    {
      "rolls": 1,
      "entries": [
        {
          "type": "minecraft:item",
          "name": "minecraft:iron_hoe",
          "functions": [
            {
              "function": "minecraft:set_nbt",
              "tag": "{LOVitem:1b}"
            },
			{
              "function": "minecraft:enchant_with_levels",
              "levels": {
                "min": 5,
                "max": 19
              },
              "treasure": false
            }
          ]
        }
      ]
    }
  ]
}
