{
    "variants": {
        "": [
		
		{ "model": "block/cactus", "weight": 3 },
		{ "model": "block/cactus/cactus_flower_pink", "weight": 1 },
		{ "model": "block/cactus/cactus_flower_orange", "weight": 1 },
		{ "model": "block/cactus/cactus_flower_red", "weight": 1 },
		{ "model": "block/cactus/cactus_flower_yellow", "weight": 1 },
		{ "model": "block/cactus/cactus_1", "weight": 3 },
		{ "model": "block/cactus/cactus_2", "weight": 3 },
		{ "model": "block/cactus/cactus_3", "weight": 3 },
		{ "model": "block/cactus/cactus_4", "weight": 3 }
		
		]
    }
}
