{
    "condition": "minecraft:alternative",
    "terms": [
      { "condition": "minecraft:entity_scores", "entity": "this", "scores": { "pbbs.cs.sound.01": { "min": 1, "max": 1 } } },
      { "condition": "minecraft:entity_scores", "entity": "this", "scores": { "pbbs.cs.sound.02": { "min": 1, "max": 1 } } },
      { "condition": "minecraft:entity_scores", "entity": "this", "scores": { "pbbs.cs.sound.03": { "min": 1, "max": 1 } } },
      { "condition": "minecraft:entity_scores", "entity": "this", "scores": { "pbbs.cs.sound.04": { "min": 1, "max": 1 } } },
      { "condition": "minecraft:entity_scores", "entity": "this", "scores": { "pbbs.cs.sound.05": { "min": 1, "max": 1 } } },
      { "condition": "minecraft:entity_scores", "entity": "this", "scores": { "pbbs.cs.sound.06": { "min": 1, "max": 1 } } },
      { "condition": "minecraft:entity_scores", "entity": "this", "scores": { "pbbs.cs.sound.07": { "min": 1, "max": 1 } } },
      { "condition": "minecraft:entity_scores", "entity": "this", "scores": { "pbbs.cs.sound.08": { "min": 1, "max": 1 } } },
      { "condition": "minecraft:entity_scores", "entity": "this", "scores": { "pbbs.cs.sound.09": { "min": 1, "max": 1 } } },
      { "condition": "minecraft:entity_scores", "entity": "this", "scores": { "pbbs.cs.sound.10": { "min": 1, "max": 1 } } },
      { "condition": "minecraft:entity_scores", "entity": "this", "scores": { "pbbs.cs.sound.11": { "min": 1, "max": 1 } } },
      { "condition": "minecraft:entity_scores", "entity": "this", "scores": { "pbbs.cs.sound.12": { "min": 1, "max": 1 } } },
      { "condition": "minecraft:entity_scores", "entity": "this", "scores": { "pbbs.cs.sound.13": { "min": 1, "max": 1 } } },
      { "condition": "minecraft:entity_scores", "entity": "this", "scores": { "pbbs.cs.sound.14": { "min": 1, "max": 1 } } },
      { "condition": "minecraft:entity_scores", "entity": "this", "scores": { "pbbs.cs.sound.15": { "min": 1, "max": 1 } } },
      { "condition": "minecraft:entity_scores", "entity": "this", "scores": { "pbbs.cs.sound.16": { "min": 1, "max": 1 } } },
      { "condition": "minecraft:entity_scores", "entity": "this", "scores": { "pbbs.cs.sound.17": { "min": 1, "max": 1 } } },
      { "condition": "minecraft:entity_scores", "entity": "this", "scores": { "pbbs.cs.sound.18": { "min": 1, "max": 1 } } },
      { "condition": "minecraft:entity_scores", "entity": "this", "scores": { "pbbs.cs.sound.19": { "min": 1, "max": 1 } } },
      { "condition": "minecraft:entity_scores", "entity": "this", "scores": { "pbbs.cs.sound.20": { "min": 1, "max": 1 } } },
      { "condition": "minecraft:entity_scores", "entity": "this", "scores": { "pbbs.cs.sound.21": { "min": 1, "max": 1 } } },
      { "condition": "minecraft:entity_scores", "entity": "this", "scores": { "pbbs.cs.sound.22": { "min": 1, "max": 1 } } },
      { "condition": "minecraft:entity_scores", "entity": "this", "scores": { "pbbs.cs.sound.23": { "min": 1, "max": 1 } } },
      { "condition": "minecraft:entity_scores", "entity": "this", "scores": { "pbbs.cs.sound.24": { "min": 1, "max": 1 } } },
      { "condition": "minecraft:entity_scores", "entity": "this", "scores": { "pbbs.cs.sound.25": { "min": 1, "max": 1 } } },
      { "condition": "minecraft:entity_scores", "entity": "this", "scores": { "pbbs.cs.sound.26": { "min": 1, "max": 1 } } },
      { "condition": "minecraft:entity_scores", "entity": "this", "scores": { "pbbs.cs.sound.27": { "min": 1, "max": 1 } } },
      { "condition": "minecraft:entity_scores", "entity": "this", "scores": { "pbbs.cs.sound.28": { "min": 1, "max": 1 } } },
      { "condition": "minecraft:entity_scores", "entity": "this", "scores": { "pbbs.cs.sound.29": { "min": 1, "max": 1 } } },
      { "condition": "minecraft:entity_scores", "entity": "this", "scores": { "pbbs.cs.sound.30": { "min": 1, "max": 1 } } },
      { "condition": "minecraft:entity_scores", "entity": "this", "scores": { "pbbs.cs.sound.31": { "min": 1, "max": 1 } } },
      { "condition": "minecraft:entity_scores", "entity": "this", "scores": { "pbbs.cs.sound.32": { "min": 1, "max": 1 } } },
      { "condition": "minecraft:entity_scores", "entity": "this", "scores": { "pbbs.cs.sound.33": { "min": 1, "max": 1 } } },
      { "condition": "minecraft:entity_scores", "entity": "this", "scores": { "pbbs.cs.sound.34": { "min": 1, "max": 1 } } },
      { "condition": "minecraft:entity_scores", "entity": "this", "scores": { "pbbs.cs.sound.35": { "min": 1, "max": 1 } } },
      { "condition": "minecraft:entity_scores", "entity": "this", "scores": { "pbbs.cs.sound.36": { "min": 1, "max": 1 } } },
      { "condition": "minecraft:entity_scores", "entity": "this", "scores": { "pbbs.cs.sound.37": { "min": 1, "max": 1 } } }
    ]
}