{
	"format_version": "1.8.0",
	"animations": {
		"animation.mimic.getup": {
			"animation_length": 1.12,
			"bones": {
				"Body": {
					"rotation": {
						"0.0": {
							"post": [0, 0, 0],
							"lerp_mode": "catmullrom"
						},
						"0.16": {
							"post": [7, 0, -1.17],
							"lerp_mode": "catmullrom"
						},
						"0.4": {
							"post": [-2, 0, 0.5],
							"lerp_mode": "catmullrom"
						},
						"0.52": [6, 0, 0],
						"0.76": {
							"post": [-0.5, 0, 0],
							"lerp_mode": "catmullrom"
						},
						"1.04": {
							"post": [0, 0, 0],
							"lerp_mode": "catmullrom"
						}
					},
					"position": {
						"0.0": {
							"post": [0, 0, 0],
							"lerp_mode": "catmullrom"
						},
						"0.32": {
							"post": [0, 4, 0],
							"lerp_mode": "catmullrom"
						},
						"0.48": {
							"post": [0, 2, 0],
							"lerp_mode": "catmullrom"
						},
						"0.6": [0, 3, 0]
					}
				},
				"lid": {
					"rotation": {
						"0.24": [0, 0, 0],
						"0.44": {
							"post": [-7, 0, 0],
							"lerp_mode": "catmullrom"
						},
						"0.64": [0, 0, 0]
					}
				},
				"right_leg": {
					"rotation": {
						"0.0": [0, 0, 0],
						"0.36": [5, 0, 0]
					},
					"position": {
						"0.0": [0, 0, 0],
						"0.36": [0, 0.1, 0],
						"0.56": [0, 0, 0]
					}
				},
				"left_leg": {
					"rotation": [5, 0, 0],
					"position": {
						"0.0": [0, 0, 0],
						"0.36": [0, 0.1, 0],
						"0.56": [0, 0, 0]
					}
				},
				"lidlock": {
					"scale": 0
				}
			}
		},
		"animation.locked.mimic.getup": {
			"animation_length": 1.12,
			"bones": {
				"Body": {
					"rotation": {
						"0.0": {
							"post": [0, 0, 0],
							"lerp_mode": "catmullrom"
						},
						"0.16": {
							"post": [7, 0, -1.17],
							"lerp_mode": "catmullrom"
						},
						"0.4": {
							"post": [-2, 0, 0.5],
							"lerp_mode": "catmullrom"
						},
						"0.52": [6, 0, 0],
						"0.76": {
							"post": [-0.5, 0, 0],
							"lerp_mode": "catmullrom"
						},
						"1.04": {
							"post": [0, 0, 0],
							"lerp_mode": "catmullrom"
						}
					},
					"position": {
						"0.0": {
							"post": [0, 0, 0],
							"lerp_mode": "catmullrom"
						},
						"0.32": {
							"post": [0, 4, 0],
							"lerp_mode": "catmullrom"
						},
						"0.48": {
							"post": [0, 2, 0],
							"lerp_mode": "catmullrom"
						},
						"0.6": [0, 3, 0]
					}
				},
				"lid": {
					"rotation": {
						"0.24": [0, 0, 0],
						"0.44": {
							"post": [-4.5, 0, 0],
							"lerp_mode": "catmullrom"
						},
						"0.64": [0, 0, 0]
					}
				},
				"right_leg": {
					"rotation": [0, 0, 0],
					"position": {
						"0.0": [0, 0, 0],
						"0.56": [0, 0, 0]
					}
				},
				"left_leg": {
					"position": {
						"0.0": [0, 0, 0],
						"0.56": [0, 0, 0]
					}
				},
				"lidlock": {
					"position": [0, 0, -1]
				},
				"normalknob": {
					"position": [0, 0, 1],
					"scale": 0
				}
			}
		},
		"animation.locked.mimic.chest.open": {
			"animation_length": 660.68,
			"bones": {
				"lid": {
					"rotation": {
						"0.0": [0, 0, 0],
						"0.24": [-38.86, 0, 0],
						"0.28": [-34.5, 0, 0]
					}
				},
				"tongue": {
					"rotation": {
						"0.0": [0, 0, 0],
						"0.2": [-17.5, 0, 0],
						"0.36": [0, 0, 0],
						"0.48": [-3, 0, 0],
						"0.56": [0, 0, 0]
					}
				},
				"lidlock": {
					"position": [0, 0, -1]
				},
				"normalknob": {
					"position": [0, 0, 1],
					"scale": 0
				}
			}
		},
		"animation.mimic.chest.open": {
			"animation_length": 660.68,
			"bones": {
				"lid": {
					"rotation": {
						"0.0": [0, 0, 0],
						"0.28": [-39.5, 0, 0]
					}
				},
				"tongue": {
					"rotation": {
						"0.0": [0, 0, 0],
						"0.2": [-17.5, 0, 0],
						"0.36": [0, 0, 0],
						"0.48": [-3, 0, 0],
						"0.56": [0, 0, 0]
					}
				},
				"lidlock": {
					"scale": 0
				}
			}
		},
		"animation.stoodup.mimic.chest.open": {
			"animation_length": 0.68,
			"bones": {
				"lid": {
					"rotation": {
						"0.0": [0, 0, 0],
						"0.28": [-39.5, 0, 0]
					}
				},
				"tongue": {
					"rotation": {
						"0.0": [0, 0, 0],
						"0.2": [-17.5, 0, 0],
						"0.36": [0, 0, 0],
						"0.48": [-3, 0, 0],
						"0.56": [0, 0, 0]
					}
				},
				"Body": {
					"position": [0, 3, 0]
				},
				"lidlock": {
					"scale": 0
				}
			}
		},
		"animation.locked.mimic.chest.close": {
			"animation_length": 0.52,
			"bones": {
				"lid": {
					"rotation": {
						"0.0": [-39.5, 0, 0],
						"0.28": [0, 0, 0],
						"0.36": [-4, 0, 0],
						"0.4": [0, 0, 0]
					}
				},
				"lidlock": {
					"position": [0, 0, -1]
				},
				"normalknob": {
					"position": [0, 0, 1],
					"scale": 0
				}
			}
		},
		"animation.stoodup.mimic.chest.close": {
			"animation_length": 0.52,
			"bones": {
				"lid": {
					"rotation": {
						"0.0": [-39.5, 0, 0],
						"0.28": [0, 0, 0],
						"0.36": [-4, 0, 0],
						"0.4": [0, 0, 0]
					}
				},
				"Body": {
					"position": [0, 3, 0]
				},
				"lidlock": {
					"scale": 0
				}
			}
		},
		"animation.mimic.chest.close": {
			"animation_length": 0.52,
			"bones": {
				"lid": {
					"rotation": {
						"0.0": [-39.5, 0, 0],
						"0.28": [0, 0, 0],
						"0.36": [-4, 0, 0],
						"0.4": [0, 0, 0]
					}
				},
				"lidlock": {
					"scale": 0
				}
			}
		},
		"animation.locked.mimic.chest.open.idle": {
			"loop": true,
			"animation_length": 0.92,
			"bones": {
				"lid": {
					"rotation": ["easeOutSine", "easeOutSine", "easeOutSine"]
				},
				"lidlock": {
					"position": [0, 0, -1],
					"scale": 0
				},
				"normalknob": {
					"position": [0, 0, 1]
				}
			}
		},
		"animation.mimic.chest.open.idle": {
			"loop": true,
			"animation_length": 0.92,
			"bones": {
				"lid": {
					"rotation": ["easeOutSine", "easeOutSine", "easeOutSine"]
				},
				"lidlock": {
					"scale": 0
				}
			}
		},
		"animation.stoodup.mimic.chest.open.idle": {
			"loop": true,
			"animation_length": 0.92,
			"bones": {
				"lid": {
					"rotation": ["easeOutSine", "easeOutSine", "easeOutSine"]
				},
				"Body": {
					"position": [0, 3, 0]
				},
				"lidlock": {
					"scale": 0
				}
			}
		},
		"animation.mimic.chomp": {
			"animation_length": 0.68,
			"bones": {
				"lid": {
					"rotation": {
						"0.0": [0, 0, 0],
						"0.28": [-39.5, 0, 0],
						"0.56": [0, 0, 0],
						"0.64": [-4, 0, 0],
						"0.68": [0, 0, 0]
					}
				},
				"tongue": {
					"rotation": {
						"0.0": [0, 0, 0],
						"0.2": [-17.5, 0, 0],
						"0.4": [0, 0, 0]
					}
				},
				"lidlock": {
					"scale": 0
				}
			}
		},
		"animation.mimic.attack": {
			"animation_length": 0.96,
			"bones": {
				"Body": {
					"rotation": {
						"0.0": [0, 0, 0],
						"0.32": [11, 0, 0],
						"0.48": [11, 0, 0],
						"0.76": [0, 0, 0]
					},
					"position": {
						"0.0": [0, 3, 0],
						"0.32": [0, 3.25, -0.25],
						"0.44": [0, 3.25, -0.1],
						"0.52": [0, 3.25, 0.5],
						"0.76": [0, 3, 0]
					}
				},
				"lid": {
					"rotation": {
						"0.08": [0, 0, 0],
						"0.4": [-52, 0, 0],
						"0.48": [0, 0, 0],
						"0.72": [-4, 0, 0],
						"0.8": [0, 0, 0]
					}
				},
				"tongue": {
					"rotation": {
						"0.12": [0, 0, 0],
						"0.44": [-17.5, 0, 0],
						"0.72": [0, 0, 0]
					}
				},
				"lidlock": {
					"scale": 0
				},
				"left_leg": {
					"rotation": {
						"0.0": [0, 0, 0],
						"0.4": [10, 0, 0],
						"0.52": [0, 0, 0]
					}
				},
				"right_leg": {
					"rotation": {
						"0.0": [0, 0, 0],
						"0.4": [7.5, 0, 0],
						"0.52": [0, 0, 0]
					}
				}
			}
		},
		"animation.mimic.sit": {
			"animation_length": 1.04,
			"bones": {
				"Body": {
					"rotation": {
						"0.0": {
							"post": [0, 0, 0],
							"lerp_mode": "catmullrom"
						},
						"0.2": {
							"post": [7, 0, -0.1],
							"lerp_mode": "catmullrom"
						},
						"0.4": {
							"post": [-2, 0, 0.05],
							"lerp_mode": "catmullrom"
						},
						"0.52": [6, 0, 0],
						"0.76": {
							"post": [-0.5, 0, 0],
							"lerp_mode": "catmullrom"
						},
						"1.04": {
							"post": [0, 0, 0],
							"lerp_mode": "catmullrom"
						}
					},
					"position": {
						"0.0": [0, 3, 0],
						"0.2": {
							"post": [0, 3, 0],
							"lerp_mode": "catmullrom"
						},
						"0.4": {
							"post": [0, 2, 0],
							"lerp_mode": "catmullrom"
						},
						"0.6": {
							"post": [0, 0, 0],
							"lerp_mode": "catmullrom"
						}
					}
				},
				"lid": {
					"rotation": {
						"0.24": [0, 0, 0],
						"0.44": {
							"post": [-4.5, 0, 0],
							"lerp_mode": "catmullrom"
						},
						"0.64": [0, 0, 0],
						"0.68": [-2, 0, 0],
						"0.84": [0, 0, 0]
					}
				},
				"lidlock": {
					"scale": 0
				}
			}
		},
		"animation.locked.mimic.sit": {
			"animation_length": 1.04,
			"bones": {
				"Body": {
					"rotation": {
						"0.0": {
							"post": [0, 0, 0],
							"lerp_mode": "catmullrom"
						},
						"0.2": {
							"post": [7, 0, -0.1],
							"lerp_mode": "catmullrom"
						},
						"0.4": {
							"post": [-2, 0, 0.05],
							"lerp_mode": "catmullrom"
						},
						"0.52": [6, 0, 0],
						"0.76": {
							"post": [-0.5, 0, 0],
							"lerp_mode": "catmullrom"
						},
						"1.04": {
							"post": [0, 0, 0],
							"lerp_mode": "catmullrom"
						}
					},
					"position": {
						"0.0": [0, 3, 0],
						"0.2": {
							"post": [0, 3, 0],
							"lerp_mode": "catmullrom"
						},
						"0.4": {
							"post": [0, 2, 0],
							"lerp_mode": "catmullrom"
						},
						"0.6": {
							"post": [0, 0, 0],
							"lerp_mode": "catmullrom"
						}
					}
				},
				"lid": {
					"rotation": {
						"0.24": [0, 0, 0],
						"0.44": {
							"post": [-4.5, 0, 0],
							"lerp_mode": "catmullrom"
						},
						"0.64": [0, 0, 0],
						"0.68": [-2, 0, 0],
						"0.84": [0, 0, 0]
					}
				},
				"lidlock": {
					"position": [0, 0, -1]
				},
				"normalknob": {
					"position": [0, 0, 1],
					"scale": 0
				}
			}
		},
		"animation.mimic.walkcycle": {
			"loop": true,
			"animation_length": 0.72,
			"bones": {
				"Body": {
					"rotation": {
						"0.0": [0, 0, 0],
						"0.16": [-4, 0, 2.5],
						"0.36": [0, 0, 0],
						"0.52": [4, 0, -2.5],
						"0.72": [0, 0, 0]
					},
					"position": {
						"0.0": [0, 3, 0],
						"0.16": [0, 3.25, 0],
						"0.36": [0, 3, 0],
						"0.52": [0, 3.25, 0],
						"0.72": [0, 3, 0]
					}
				},
				"base": {
					"position": {
						"0.0": [0, 0, 0],
						"0.2": [0, 0, 0]
					}
				},
				"lid": {
					"rotation": {
						"0.0": [0, 0, 0],
						"0.16": [-2.5, 0, 0],
						"0.32": [-0.28, 0, 0],
						"0.52": [-2.5, 0, 0],
						"0.68": [0, 0, 0]
					}
				},
				"left_leg": {
					"rotation": {
						"0.0": [0, 0, 0],
						"0.2": [20, 0, 0],
						"0.36": [0, 0, 0],
						"0.52": [-20, 0, 0],
						"0.72": [0, 0, 0]
					},
					"position": [0, -0.1, 0]
				},
				"right_leg": {
					"rotation": {
						"0.0": [0, 0, 0],
						"0.2": [-20, 0, 0],
						"0.36": [0, 0, 0],
						"0.52": [20, 0, 0],
						"0.72": [0, 0, 0]
					},
					"position": [0, -0.1, 0]
				},
				"lidlock": {
					"scale": 0
				}
			}
		},
		"animation.mimic.run": {
			"loop": true,
			"animation_length": 0.52,
			"bones": {
				"Body": {
					"rotation": {
						"0.0": [0, 0, 0],
						"0.08": [-1.5, 0, 2.5],
						"0.2": [0, 0, 0],
						"0.36": [1.5, 0, -2.5],
						"0.52": [0, 0, 0]
					},
					"position": [0, 3, 0]
				},
				"base": {
					"position": {
						"0.0": [0, 0, 0],
						"0.2": [0, 0, 0]
					}
				},
				"lid": {
					"rotation": {
						"0.12": [0, 0, 0],
						"0.4": [-2.5, 0, 0],
						"0.52": [0, 0, 0]
					}
				},
				"left_leg": {
					"rotation": {
						"0.0": [0, 0, 0],
						"0.08": [20, 0, 0],
						"0.24": [0, 0, 0],
						"0.4": [-32.5, 0, 0],
						"0.52": [0, 0, 0]
					},
					"position": [0, -0.1, 0]
				},
				"right_leg": {
					"rotation": {
						"0.0": [0, 0, 0],
						"0.08": [-20, 0, 0],
						"0.24": [0, 0, 0],
						"0.4": [20, 0, 0],
						"0.52": [0, 0, 0]
					},
					"position": [0, -0.1, 0]
				},
				"lidlock": {
					"scale": 0
				}
			}
		},
		"animation.mimic.idle": {
			"loop": true,
			"animation_length": 1.28,
			"bones": {
				"Body": {
					"rotation": {
						"0.0": [0, 0, 0],
						"0.36": [2.5, 0, 0],
						"0.68": [0, 0, 0],
						"0.92": [-2.5, 0, 0],
						"1.28": [0, 0, 0]
					},
					"position": {
						"0.0": [0, 3, 0],
						"0.32": [0, 2.5, 0],
						"0.64": [0, 2.75, 0],
						"0.96": [0, 3.25, 0],
						"1.28": [0, 3, 0]
					},
					"scale": {
						"0.0": [1, 1, 1],
						"0.32": [1, 0.99, 1],
						"0.64": [1, 1.01, 1],
						"0.96": [1, 1.01, 1],
						"1.28": [1, 1, 1]
					}
				},
				"lid": {
					"rotation": {
						"0.0": [0, 0, 0],
						"0.36": [1, 0, 0],
						"0.68": [0, 0, 0],
						"0.92": [-2.5, 0, 0],
						"1.28": [0, 0, 0]
					}
				},
				"lidlock": {
					"scale": 0
				}
			}
		},
		"animation.locked.mimic.idle": {
			"loop": true,
			"animation_length": 1.2,
			"bones": {
				"Body": {
					"position": {
						"0.0": [0, 3, 0],
						"0.24": [0, 2.95, 0],
						"0.44": [0, 3.05, 0],
						"0.6": [0, 3, 0],
						"0.76": [0, 3, 0],
						"0.88": [0, 3, 0],
						"1.0": [0, 2.95, 0],
						"1.2": [0, 3, 0]
					}
				},
				"lidlock": {
					"position": [0, 0, -1]
				},
				"normalknob": {
					"position": [0, 0, 2],
					"scale": 0
				}
			}
		},
		"animation.locked.mimic.run": {
			"loop": true,
			"animation_length": 0.52,
			"bones": {
				"Body": {
					"rotation": {
						"0.0": [0, 0, 0],
						"0.08": [-1.5, 0, 0],
						"0.2": [0, 0, 0],
						"0.36": [1.5, 0, 0],
						"0.52": [0, 0, 0]
					},
					"position": [0, 3, 0]
				},
				"base": {
					"position": {
						"0.0": [0, 0, 0],
						"0.2": [0, 0, 0]
					}
				},
				"lid": {
					"rotation": {
						"0.12": [0, 0, 0],
						"0.4": [-2.5, 0, 0],
						"0.52": [0, 0, 0]
					}
				},
				"left_leg": {
					"rotation": {
						"0.0": [0, 0, 0],
						"0.08": [20, 0, 0],
						"0.24": [0, 0, 0],
						"0.4": [-20, 0, 0],
						"0.52": [0, 0, 0]
					},
					"position": [0, -0.1, 0]
				},
				"right_leg": {
					"rotation": {
						"0.0": [0, 0, 0],
						"0.08": [-20, 0, 0],
						"0.24": [0, 0, 0],
						"0.4": [20, 0, 0],
						"0.52": [0, 0, 0]
					},
					"position": [0, -0.1, 0]
				},
				"lidlock": {
					"position": [0, 0, -1]
				},
				"normalknob": {
					"position": [0, 0, 1],
					"scale": 0
				}
			}
		},
		"animation.mimic.lock": {
			"animation_length": 1.44,
			"bones": {
				"lid": {
					"rotation": {
						"0.64": [0, 0, 0],
						"0.8": [-3, 0, 0],
						"0.96": [0, 0, 0],
						"1.12": [-2, 0, 0],
						"1.16": [0, 0, 0],
						"1.32": [-1, 0, 0],
						"1.44": [0, 0, 0]
					}
				},
				"lidlock": {
					"position": {
						"0.0": [0, 0, 0],
						"0.16": [0, 0, -1]
					}
				},
				"normalknob": {
					"position": {
						"0.0": [0, 0, 0],
						"0.16": [0, 0, 1]
					}
				}
			}
		},
		"animation.mimic.lockidle": {
			"loop": true,
			"animation_length": 0.042,
			"bones": {
				"lidlock": {
					"position": {
						"0.0": [0, 0, -1],
						"0.04": [0, 0, -1]
					}
				},
				"normalknob": {
					"position": {
						"0.0": [0, 0, 1],
						"0.04": [0, 0, 1]
					},
					"scale": 0
				}
			}
		},
		"animation.mimic.idle.chest": {
			"loop": true,
			"animation_length": 0.04,
			"bones": {
				"lidlock": {
					"position": {
						"0.0": [0, 0, 1],
						"0.04": [0, 0, 1]
					},
					"scale": 0
				},
				"normalknob": {
					"position": {
						"0.0": [0, 0, 0],
						"0.04": [0, 0, 0]
					}
				}
			}
		}
	},
	"geckolib_format_version": 2
}