{
    "condition": "minecraft:alternative",
    "terms": [
      { "condition": "minecraft:entity_scores", "entity": "this", "scores": { "pbbs.cs.000036": { "min": 16, "max": 99999 } } },
      { "condition": "minecraft:entity_scores", "entity": "this", "scores": { "pbbs.cs.000037": { "min": 16, "max": 99999 } } },
      { "condition": "minecraft:entity_scores", "entity": "this", "scores": { "pbbs.cs.000048": { "min": 16, "max": 99999 } } },
      { "condition": "minecraft:entity_scores", "entity": "this", "scores": { "pbbs.cs.000049": { "min": 16, "max": 99999 } } },
      { "condition": "minecraft:entity_scores", "entity": "this", "scores": { "pbbs.cs.000071": { "min": 16, "max": 99999 } } },
      { "condition": "minecraft:entity_scores", "entity": "this", "scores": { "pbbs.cs.000072": { "min": 16, "max": 99999 } } },
      { "condition": "minecraft:entity_scores", "entity": "this", "scores": { "pbbs.cs.000108": { "min": 16, "max": 99999 } } },
      { "condition": "minecraft:entity_scores", "entity": "this", "scores": { "pbbs.cs.000114": { "min": 16, "max": 99999 } } },
      { "condition": "minecraft:entity_scores", "entity": "this", "scores": { "pbbs.cs.000115": { "min": 16, "max": 99999 } } },
      { "condition": "minecraft:entity_scores", "entity": "this", "scores": { "pbbs.cs.000178": { "min": 16, "max": 99999 } } },
      { "condition": "minecraft:entity_scores", "entity": "this", "scores": { "pbbs.cs.000205": { "min": 16, "max": 99999 } } },
      { "condition": "minecraft:entity_scores", "entity": "this", "scores": { "pbbs.cs.000206": { "min": 16, "max": 99999 } } },
      { "condition": "minecraft:entity_scores", "entity": "this", "scores": { "pbbs.cs.000215": { "min": 16, "max": 99999 } } },
      { "condition": "minecraft:entity_scores", "entity": "this", "scores": { "pbbs.cs.000216": { "min": 16, "max": 99999 } } },
      { "condition": "minecraft:entity_scores", "entity": "this", "scores": { "pbbs.cs.000275": { "min": 16, "max": 99999 } } },
      { "condition": "minecraft:entity_scores", "entity": "this", "scores": { "pbbs.cs.000276": { "min": 16, "max": 99999 } } },
      { "condition": "minecraft:entity_scores", "entity": "this", "scores": { "pbbs.cs.000285": { "min": 16, "max": 99999 } } },
      { "condition": "minecraft:entity_scores", "entity": "this", "scores": { "pbbs.cs.000286": { "min": 16, "max": 99999 } } },
      { "condition": "minecraft:entity_scores", "entity": "this", "scores": { "pbbs.cs.000296": { "min": 16, "max": 99999 } } },
      { "condition": "minecraft:entity_scores", "entity": "this", "scores": { "pbbs.cs.000297": { "min": 16, "max": 99999 } } },
      { "condition": "minecraft:entity_scores", "entity": "this", "scores": { "pbbs.cs.000307": { "min": 16, "max": 99999 } } },
      { "condition": "minecraft:entity_scores", "entity": "this", "scores": { "pbbs.cs.000308": { "min": 16, "max": 99999 } } },
      { "condition": "minecraft:entity_scores", "entity": "this", "scores": { "pbbs.cs.000323": { "min": 16, "max": 99999 } } },
      { "condition": "minecraft:entity_scores", "entity": "this", "scores": { "pbbs.cs.000353": { "min": 16, "max": 99999 } } },
      { "condition": "minecraft:entity_scores", "entity": "this", "scores": { "pbbs.cs.000354": { "min": 16, "max": 99999 } } },
      { "condition": "minecraft:entity_scores", "entity": "this", "scores": { "pbbs.cs.000366": { "min": 16, "max": 99999 } } },
      { "condition": "minecraft:entity_scores", "entity": "this", "scores": { "pbbs.cs.000367": { "min": 16, "max": 99999 } } },
      { "condition": "minecraft:entity_scores", "entity": "this", "scores": { "pbbs.cs.000396": { "min": 16, "max": 99999 } } },
      { "condition": "minecraft:entity_scores", "entity": "this", "scores": { "pbbs.cs.000397": { "min": 16, "max": 99999 } } },
      { "condition": "minecraft:entity_scores", "entity": "this", "scores": { "pbbs.cs.000417": { "min": 16, "max": 99999 } } },
      { "condition": "minecraft:entity_scores", "entity": "this", "scores": { "pbbs.cs.000418": { "min": 16, "max": 99999 } } },
      { "condition": "minecraft:entity_scores", "entity": "this", "scores": { "pbbs.cs.000501": { "min": 16, "max": 99999 } } },
      { "condition": "minecraft:entity_scores", "entity": "this", "scores": { "pbbs.cs.000502": { "min": 16, "max": 99999 } } },
      { "condition": "minecraft:entity_scores", "entity": "this", "scores": { "pbbs.cs.000517": { "min": 16, "max": 99999 } } },
      { "condition": "minecraft:entity_scores", "entity": "this", "scores": { "pbbs.cs.000518": { "min": 16, "max": 99999 } } }
    ]
}