{
  "condition": "minecraft:alternative",
  "terms": [
    { "condition": "minecraft:entity_scores", "entity": "this", "scores": { "pbbs.cs.000597": { "min": 16, "max": 99999 } } },
    { "condition": "minecraft:entity_scores", "entity": "this", "scores": { "pbbs.cs.000598": { "min": 16, "max": 99999 } } },
    { "condition": "minecraft:entity_scores", "entity": "this", "scores": { "pbbs.cs.000599": { "min": 16, "max": 99999 } } },
    { "condition": "minecraft:entity_scores", "entity": "this", "scores": { "pbbs.cs.000606": { "min": 16, "max": 99999 } } },
    { "condition": "minecraft:entity_scores", "entity": "this", "scores": { "pbbs.cs.000607": { "min": 16, "max": 99999 } } },
    { "condition": "minecraft:entity_scores", "entity": "this", "scores": { "pbbs.cs.000608": { "min": 16, "max": 99999 } } },
    { "condition": "minecraft:entity_scores", "entity": "this", "scores": { "pbbs.cs.000609": { "min": 16, "max": 99999 } } },
    { "condition": "minecraft:entity_scores", "entity": "this", "scores": { "pbbs.cs.000610": { "min": 16, "max": 99999 } } },
    { "condition": "minecraft:entity_scores", "entity": "this", "scores": { "pbbs.cs.000611": { "min": 16, "max": 99999 } } },
    { "condition": "minecraft:entity_scores", "entity": "this", "scores": { "pbbs.cs.000632": { "min": 16, "max": 99999 } } },
    { "condition": "minecraft:entity_scores", "entity": "this", "scores": { "pbbs.cs.000633": { "min": 16, "max": 99999 } } },
    { "condition": "minecraft:entity_scores", "entity": "this", "scores": { "pbbs.cs.000634": { "min": 16, "max": 99999 } } },
    { "condition": "minecraft:entity_scores", "entity": "this", "scores": { "pbbs.cs.000635": { "min": 16, "max": 99999 } } }
  ]
}