{
  "type": "minecraft:command",
  "pools": [
    {
      "rolls": 1,
      "entries": [
        {
          "type": "minecraft:item",
          "name": "minecraft:emerald",
          "functions": [
            {
              "function": "minecraft:set_count",
              "count": {
                "min": 12,
                "max": 26
              }
            },
            {
              "function": "minecraft:set_nbt",
              "tag": "{LOVcost:1b}"
            }
          ]
        }
      ]
    }
  ]
}
